round,expr_str,ic_5,ic_60,ret_5,ret_60,fitness
0,"ts_corr(ts_corr(sign((opensubhigh)),(log(ts_corr(close,((ts_min(close,20)subneg(high))mulopen),30))mulhigh),30),low,60)",-0.012030213245949196,-0.010919538116715512,0.2590294872825809,0.25590743708992525,0.18367038623477686
1,"ts_corr(abs(volume),((ts_ema((ts_ema(ts_ema(ts_sum(ts_ema((ts_min(((ts_mean(low,30)addlog(open))mulhigh),10)divts_corr(neg(ts_min(open,5)),ts_ema(neg((sign(low)divts_std(open,5))),60),60)),20),60),10),20)divts_corr(close,ts_ema(neg((sign(low)divts_std(open,5))),60),60)),20)divts_corr(close,high,60))divlog(ts_ema(high,60))),30)",0.01182362134809697,-0.005798921471592066,0.26201279143210776,0.25590743708992525,0.18391546140566492
2,"ts_mean((log(abs(((ts_min(high,60)addhigh)addneg((ts_delta(ts_min(open,60),5)divclose)))))divts_min(open,60)),10)",0.00859173793046672,0.02944643677328832,0.16267894488317913,0.18826076027572314,0.12853462301117904
3,"ts_max(ts_max((ts_ema(ts_mean(ts_max(ts_max((neg(ts_sum(ts_max(sign(open),20),20))subneg(ts_sum(ts_min(ts_min(((ts_corr(low,ts_delta(close,30),10)sub(log(ts_delta(low,20))subneg(ts_delta(high,5))))addts_max(open,60)),60),10),20))),60),60),60),20)subts_ema(ts_mean(low,60),20)),60),60)",-0.00777500374325588,-0.024395191726107348,0.2698197032122156,0.3206792716142761,0.21150017050967657
4,"ts_ema(ts_max(ts_max(log(ts_ema(ts_max(log(ts_ema(ts_mean(ts_max(log(ts_ema(ts_max(log(ts_max(log(ts_ema(ts_max(log(ts_ema(high,60)),60),60)),60)),60),60)),60),30),30)),60),60)),60),60),60)",-0.00673964126452981,-0.019594040543201807,0.3368660292395407,0.3029191635227424,0.2278748697379588
5,"(ts_sum(ts_min(ts_min(ts_min(ts_ema(ts_sum(ts_min(open,60),30),20),60),60),60),30)addts_sum(ts_sum(ts_corr(ts_min(ts_min(ts_min(ts_ema(ts_sum(ts_min(open,60),30),20),60),60),60),(lowmul((ts_std(ts_sum(ts_sum(ts_corr(sign(high),(opensublow),20),20),10),30)divts_ema(ts_corr(ts_delta(ts_delta((highaddvolume),30),20),(neg(neg(open))divts_std(ts_ema(low,30),10)),60),20))mul(ts_sum(high,20)subopen))),5),30),30))",-0.01650237015487923,-0.029473226816582196,0.3497979094644901,0.1481344210264932,0.18117265521756337
6,"ts_ema((ts_corr(sign(ts_corr(ts_mean(high,20),ts_corr(open,sign(ts_corr(ts_min(open,30),ts_std((((closedivsign(volume))addhigh)mulclose),60),60)),30),60)),ts_sum(close,60),60)add(ts_corr(sign(ts_corr(ts_mean(high,20),ts_mean(low,60),60)),ts_sum(close,60),60)addts_mean(low,60))),30)",-0.008498572926279355,-0.028361902754016417,0.16696284521463012,0.2002388930416863,0.1340496797417551
7,"ts_min(ts_corr(high,ts_corr((neg((ts_corr(ts_corr((log(ts_corr(open,(openmul(volumediv((highdivhigh)mulsign(low)))),30))subhigh),ts_corr(volume,volume,10),30),volume,10)addts_corr(ts_max(low,5),ts_max((ts_mean(ts_corr(volume,volume,10),10)addts_corr(ts_corr((ts_sum(open,20)mults_sum(volume,20)),(lowdivopen),20),ts_min(ts_min(ts_min(volume,10),30),30),20)),60),20)))subhigh),ts_corr(close,ts_corr(high,ts_corr((openmullow),ts_corr(ts_corr((openmullow),ts_corr(high,ts_corr((log(ts_corr(open,((((opensub(highsubhigh))subts_corr(sign(close),ts_corr(open,close,10),20))mults_max((sign(close)divvolume),60))mullow),30))subhigh),ts_corr(volume,volume,10),30),20),30),volume,10),30),20),30),30),20),30)",-0.016684322564082844,-0.03560743662991358,0.30084482427030745,0.2916501689639335,0.21521701151108377
8,"ts_min(abs(ts_min(abs(ts_min((ts_ema(abs(ts_ema(ts_sum(((ts_ema(volume,10)add(ts_max((highsubclose),20)addts_min(ts_max(close,5),60)))add(ts_max((highsubclose),20)addts_min(ts_max(close,5),60))),5),10)),30)mulsign(((volumeaddts_sum(volume,60))mul(highmults_min(low,30))))),60)),60)),5)",-0.008640373137389605,-0.02874766285543246,0.24953851060270438,0.26587677852778446,0.1860035565945944
9,"ts_max(ts_max(ts_max(ts_max((ts_max(ts_max(ts_ema(ts_min(ts_mean(ts_mean(open,20),20),5),5),20),20)addts_ema((log(open)mults_mean(ts_max(ts_max(ts_max(ts_max((ts_max(ts_max(ts_mean(abs(volume),5),20),20)addts_ema((log(open)mults_max(ts_max(ts_max(ts_max(ts_max(ts_max((ts_max(ts_max(ts_ema(ts_min(ts_mean(ts_mean(open,20),20),5),5),20),20)addts_ema((log(open)mults_mean((ts_min(ts_mean(ts_mean(open,20),20),5)div(ts_max(open,20)divclose)),20)),60)),30),60),20),60),20),30)),60)),30),60),20),30),20)),60)),30),60),20),30)",-0.007359420051130694,-0.02288532815805254,0.3536585025821346,0.35020181643919135,0.25088782388884157
10,"ts_ema((ts_mean(ts_max(ts_mean(sign(((highmulopen)mults_ema(open,60))),5),5),10)addts_sum(ts_sum(ts_sum(ts_sum(ts_sum(abs(ts_sum((ts_mean(ts_corr((ts_ema(high,20)divts_corr(abs(open),(highmulvolume),60)),ts_mean((sign(high)mulvolume),5),20),10)addts_sum(ts_sum(abs(ts_sum((ts_mean(ts_corr((ts_ema(high,20)divts_corr(abs(open),(highmulvolume),60)),ts_mean((sign(high)mulvolume),5),20),10)addts_sum(ts_sum(ts_mean(ts_max(ts_ema(abs(ts_sum(low,30)),20),5),10),60),60)),30)),30),60)),30)),30),60),30),60),60)),20)",-0.008831055290196418,-0.024667270451965123,0.3188387325658928,0.2763392582879809,0.21333704566018
11,"((abs((ts_min((ts_ema(abs((openmulhigh)),60)add((ts_delta(ts_mean(ts_sum(volume,10),60),20)mul(ts_corr((ts_min(volume,5)divclose),(ts_std(volume,10)add(opendivclose)),60)mulabs(sign(close))))div(ts_min(ts_corr(volume,low,60),10)add(ts_sum(ts_ema(high,10),30)mul(sign(volume)div(closedivneg(volume))))))),60)subhigh))addhigh)addts_mean(abs((((log(ts_sum(open,10))mults_min((ts_ema(abs((ts_min((ts_ema(abs((openmulhigh)),60)add(volumediv(ts_min(ts_corr(volume,low,60),10)add(ts_sum(ts_ema(high,10),30)mul(sign(volume)div(closedivneg(volume))))))),60)subhigh)),60)addts_std(ts_min((opendiv(lowaddvolume)),5),5)),60))mults_min((ts_ema(abs((ts_min((openmults_min((ts_ema(abs((ts_min(abs((ts_min((ts_ema(abs((openmulhigh)),60)addts_std(ts_min(((openmulhigh)div(lowaddvolume)),5),5)),60)subhigh)),60)subhigh)),60)addopen),60)),60)subhigh)),60)addts_std(ts_min((opendiv(lowaddvolume)),5),5)),60))mults_min((ts_ema(abs((ts_min((openmults_min((ts_ema(abs((ts_min(abs((ts_min((ts_ema(abs((openmulhigh)),60)addts_std(ts_min(((openmulhigh)div(lowaddvolume)),5),5)),60)subhigh)),60)subhigh)),60)addopen),60)),60)subhigh)),60)addts_std(ts_min((opendiv(lowaddvolume)),5),5)),60))),60))",-0.007650939403693403,-0.025969340877114656,0.26226191575277125,0.25982286963322343,0.18777271692721934
12,"ts_max(ts_max(ts_max(ts_max(ts_max(ts_max(ts_max(ts_max(ts_max(ts_max(ts_max(ts_min(log(low),30),60),60),30),30),60),60),60),60),60),30),60)",-0.007354267800965402,-0.022990012597918996,0.29088773801019463,0.31132468906706023,0.21532599153687185
13,"log(ts_mean(ts_max(neg(ts_min(log(ts_ema(ts_ema(ts_sum(ts_max(neg(ts_min(log(ts_mean(ts_max(neg(ts_min(log(ts_mean(ts_mean(ts_max(neg(ts_min(ts_ema(close,60),60)),30),20),20)),60)),30),20)),60)),30),60),60),60)),60)),30),20))",-0.008080439254563308,-0.02294280932783247,0.32975720503964356,0.29911493024626123,0.22475873463742604
14,"ts_min(ts_min(log(((lowsubabs(ts_max(ts_mean(low,30),60)))sub(neg(low)subts_ema(ts_sum(abs((ts_std((ts_min(ts_min(ts_min(high,60),60),60)add(ts_min(ts_ema(ts_sum((ts_corr((volumesublow),abs(open),30)sublow),5),10),60)sub(ts_min(ts_ema(ts_min(ts_min(ts_min(close,60),60),60),10),60)subhigh))),30)addts_min(ts_min(ts_min(high,60),60),60))),30),60)))),60),60)",-0.008164724212580908,-0.02757108792118693,0.2889656168306378,0.31876609788455723,0.21806647197038345
15,"ts_min(abs(ts_min(ts_min(abs(ts_ema(ts_min(abs(ts_min(abs(ts_min(ts_min(abs(ts_min(ts_min(abs(low),60),60)),60),60)),60)),60),60)),60),60)),60)",-0.00684486949497935,-0.023527487921179657,0.27989716823147726,0.2771282050390744,0.19951473425711694
16,"ts_ema((ts_max(neg(ts_max((log(ts_ema((ts_max(neg(sign(ts_corr(ts_delta(ts_min(high,20),5),ts_max(neg(neg(ts_max((log(ts_corr(open,low,60))mults_delta(ts_min(high,20),5)),10))),30),30))),30)sub(ts_ema(low,60)addlow)),60))mults_delta(ts_min(high,20),5)),10)),30)subts_ema((ts_max(neg(sign(ts_ema((ts_max(neg(ts_max((log(ts_ema((ts_max(neg(sign(ts_corr(open,ts_max(neg(neg(ts_max((log(ts_corr(open,low,60))mults_delta(ts_min(high,20),5)),10))),30),30))),30)sub(ts_ema(low,60)addlow)),60))mults_delta(ts_min(high,20),5)),10)),30)subts_ema((ts_max(neg(sign(ts_corr(open,ts_max(open,30),30))),30)sub(ts_ema(low,60)addlow)),60)),60))),30)sub(ts_ema(low,60)addlow)),60)),60)",-0.007945244068547245,-0.02733093596184796,0.16558793802497984,0.2167558819675095,0.13911176400193054
17,"neg(ts_min(ts_min(ts_min(ts_min(ts_min(ts_ema(ts_max(ts_ema(close,30),60),60),10),30),60),60),60))",0.007515744105250006,0.025401081501694737,0.29101312353290365,0.27478820934863046,0.20296799034957863
18,"ts_sum(ts_max(ts_max(ts_sum(ts_max(ts_max(ts_sum(neg(ts_sum(ts_sum(neg(ts_sum((ts_corr(ts_corr((ts_ema(low,30)sublow),(abs(close)subts_corr(volume,close,60)),60),low,60)addts_mean(open,60)),20)),60),20)),60),30),5),60),30),5),60)",-0.008731541618026379,-0.028495109164849066,0.255524952226708,0.250136279955826,0.1825654288813182
19,"ts_sum(log(neg(ts_sum(ts_sum(ts_sum(log(neg(ts_sum(abs(ts_ema(ts_mean(ts_sum(abs(ts_ema(ts_mean(ts_sum(ts_sum(ts_sum(abs(ts_ema(ts_mean(ts_sum(ts_ema(ts_mean(ts_sum(abs(ts_ema(ts_mean((lowsubsign(low)),30),30)),30),30),30),30),30),30)),30),10),10),30),30)),30),30),30)),30))),10),60),30))),10)",-0.00894018386154665,-0.0257757610116986,0.3055992229725981,0.30477424448527746,0.2188381053412432
20,"ts_sum(ts_ema(ts_ema(ts_ema(ts_ema(ts_ema(ts_ema(ts_max(ts_max(low,60),5),60),60),60),60),60),60),10)",-0.007757071593618223,-0.02585708474539246,0.27578848565230096,0.30118301003378134,0.20698214694098038
21,"log(ts_min((ts_min((highaddts_max(abs((abs(log(high))mults_min(ts_corr(((ts_max((highdivvolume),20)subsign(neg(high)))subts_corr(low,ts_sum(ts_std(close,20),20),5)),(volumemulneg(close)),5),30))),10)),30)addts_min((abs(ts_corr(high,ts_mean(close,30),30))divabs(((closesubclose)subts_mean(low,20)))),30)),30))",-0.008975539196792481,-0.02967964898234503,0.1672315420920658,0.19122936855923944,0.13125959695482745
22,"(ts_mean(ts_min(neg(ts_max(ts_mean((highsub((abs((lowdivlow))mulabs(ts_min(high,10)))mults_max(((closedivclose)mul(openaddclose)),10))),60),60)),10),20)subsign(ts_corr(low,((lowmulopen)add(highsublow)),20)))",-0.00791287387415434,-0.027072498928594705,0.20424596732184463,0.20826392669907845,0.14962626882773541
23,"ts_min(ts_min(ts_min(ts_ema(ts_min(ts_min(ts_min(ts_sum(ts_max(((closesubts_min(ts_min(ts_ema(ts_min((ts_sum(ts_ema(high,20),30)sub(openadd(ts_std(volume,60)div(closedivhigh)))),10),10),60),60))sublog(volume)),20),60),60),60),10),10),60),60),60)",0.008740876415698425,0.025995974130584458,0.29372826527551354,0.30090642559065683,0.21333266938510206
24,"abs(ts_max(ts_min(((ts_max(ts_mean(ts_max(ts_min(((ts_max(ts_mean(((ts_max(ts_mean(ts_max(ts_min(((ts_max(ts_mean((ts_max(ts_mean(((ts_max(ts_mean(ts_max(ts_min((ts_max(ts_min(((ts_max(ts_mean(((ts_max(ts_mean(ts_max(ts_min(((ts_max(ts_mean((ts_max(ts_mean(((ts_max(ts_mean(ts_max(ts_min(((ts_max(ts_mean((lowmults_mean((lowmulclose),60)),60),30)sub(abs(ts_corr(ts_corr(ts_ema(ts_corr(low,ts_mean(neg(volume),60),20),60),(ts_corr(low,low,30)mulneg(low)),10),ts_ema((ts_sum(neg(high),30)addts_corr(ts_std((lowmults_mean((lowmulclose),60)),20),high,20)),30),30))divvolume))mulopen),5),60),60),30)sub(abs(ts_corr(ts_corr(ts_ema(ts_corr(ts_ema(sign(high),30),ts_mean((closesubts_std(neg((opensubopen)),60)),60),20),60),open,10),open,30))divvolume))mulopen),60),30)mults_mean((lowmulclose),60)),60),30)sub(abs(open)divvolume))mulopen),5),60),60),30)sub(abs(ts_corr(ts_corr(ts_ema(open,60),open,10),open,30))divvolume))mulopen),60),30)sub(abs(ts_corr(ts_corr(ts_ema(ts_corr(ts_ema(sign(high),30),ts_mean(neg(volume),60),20),60),(ts_corr(low,low,30)mulneg(low)),10),open,30))divvolume))mulopen),5),60)mulopen),5),60),60),30)sub(abs(ts_corr(ts_corr(ts_ema(ts_corr(ts_ema(sign(high),30),ts_mean(neg((lowmults_mean((lowmulclose),60))),60),20),60),open,10),open,30))divvolume))mulopen),60),30)mults_mean((lowmulclose),60)),60),30)sub(abs(open)divvolume))mulopen),5),60),60),30)sub(abs(ts_corr(ts_corr(ts_ema(open,60),open,10),open,30))divvolume))mulopen),60),30)sub(abs(ts_corr(ts_corr(ts_ema(ts_corr(ts_ema(sign(high),30),ts_mean(neg(volume),60),20),60),(ts_corr(low,low,30)mulneg(low)),10),open,30))divvolume))mulopen),5),60),60),30)sub(abs(ts_corr(ts_corr(ts_ema(ts_corr(ts_ema(sign(high),30),ts_mean(neg((lowmults_mean((lowmulclose),60))),60),20),60),open,10),open,30))divvolume))mulopen),5),60))",-0.007211589367335194,-0.02223116741943237,0.33373707957481225,0.32306130829562596,0.2342958492726685
25,"log(abs(ts_sum(ts_min(ts_sum((abs(ts_sum(ts_min(ts_ema((ts_corr(log(abs(ts_sum(abs(ts_sum(log(ts_corr(ts_std(ts_std(ts_corr(open,abs(low),20),5),5),ts_corr((lowaddts_std(open,20)),open,20),5)),60)),60))),ts_corr(volume,volume,5),10)subts_sum(ts_sum(open,60),60)),30),30),60))addts_ema(ts_mean(ts_ema((ts_corr(ts_ema(log(ts_sum(open,20)),10),ts_corr(volume,volume,5),10)subts_sum(ts_sum(ts_sum(ts_min(ts_sum((highaddts_ema(ts_mean(ts_ema((ts_corr(ts_ema(volume,10),ts_corr(volume,volume,5),10)subts_sum(ts_sum(open,60),60)),60),30),10)),5),30),60),60),60)),60),30),10)),5),30),60)))",-0.00847222668820925,-0.023345860829336377,0.30536728559181925,0.2834855736345214,0.21087121385685106
26,"ts_min(ts_min(ts_sum(ts_min(ts_sum(ts_mean(ts_min(ts_sum(ts_mean(ts_min(ts_sum((abs((ts_mean(ts_corr((log(volume)mults_ema(close,5)),volume,20),5)add(neg((log(ts_mean(ts_min(ts_sum(ts_min(ts_sum(ts_mean(ts_min(ts_sum(((ts_min(ts_sum(ts_mean(ts_min(ts_sum((ts_delta(low,10)addts_ema(high,60)),60),30),30),60),30)subopen)addts_ema(high,60)),60),30),30),60),30),60),30),30))divclose))divts_corr(ts_delta(low,30),ts_corr(high,close,5),60))))addts_mean(ts_sum(neg(close),60),5)),60),30),30),60),30),30),60),30),60),30),30)",0.009097046154398375,0.02721500153622923,0.32960019407686514,0.3398539976431061,0.23975577425558406
27,"ts_min((ts_min((log(abs((((volumeaddclose)divopen)mulclose)))mults_min(ts_min((openmults_min(ts_min((ts_min((ts_min(ts_ema(ts_mean((ts_sum(ts_min(low,30),60)subopen),5),10),60)mults_min(ts_ema(abs(open),10),60)),60)addopen),10),60)),60),60)),60)addopen),10)",-0.008866383931868662,-0.026519248582808356,0.3108115337016244,0.27835618704729836,0.2115165471393245
28,"ts_sum(ts_mean((ts_ema((ts_sum(ts_ema(ts_mean((ts_ema((ts_sum(ts_ema(ts_mean((ts_ema((ts_sum(ts_ema(ts_mean((ts_ema((ts_sum(ts_ema(open,10),60)subts_max((log(sign(close))subneg((lowmullow))),20)),60)subts_corr(open,ts_ema(ts_mean((ts_ema(close,60)subts_corr(ts_corr(log(ts_corr(open,(highaddhigh),60)),log(ts_delta(log(volume),30)),10),close,30)),5),60),30)),5),10),60)subabs(high)),60)subts_corr(open,(highadd(ts_ema((ts_sum(ts_ema(open,10),60)subabs(high)),60)subts_corr(open,close,30))),30)),5),10),60)subabs(high)),60)subts_corr(open,ts_ema(ts_mean((ts_ema(close,60)subts_corr(ts_corr(log(sign((ts_min(ts_corr(high,low,30),10)add(ts_corr(low,close,30)addts_delta(high,30))))),log(ts_delta(log(volume),30)),10),close,30)),5),60),30)),5),10),60)subabs(high)),60)subts_corr(open,(highadd(ts_ema((ts_sum(ts_ema(open,10),60)subabs(high)),60)subts_corr(open,close,30))),30)),5),60)",0.008955675855392923,0.026526545949760935,0.308298579657341,0.2815199819216232,0.21175882982341054
29,"ts_min(ts_ema(ts_min(log((neg(abs(abs(high)))addclose)),60),60),5)",0.0034834115242780663,0.01558607607425338,0.21374912940907964,0.33035945577567283,0.19329842795444308
30,"ts_max(neg(ts_sum(ts_min(ts_mean(ts_sum(ts_min(ts_mean(ts_max(neg(neg((ts_sum(low,60)sub(closeaddts_min(log(low),5))))),20),30),20),5),30),20),5)),20)",0.008165165774393912,0.02797922935333742,0.18124970433509757,0.2054390449689547,0.14076272152557798
31,"(ts_min(ts_sum(ts_min(ts_sum((ts_min(ts_sum((ts_min((ts_min(ts_min(ts_sum((ts_min(ts_std((ts_min(ts_min(ts_sum(low,60),60),60)addts_delta((abs((sign(volume)subhigh))divts_max((ts_delta(close,5)addopen),60)),10)),20),20)addclose),60),60),60)addts_delta(open,10)),20)addvolume),60),20)addts_sum(open,30)),60),60),60),60)addts_delta(open,10))",-0.008304241204539556,-0.02399677325405727,0.310208703278005,0.322183132006175,0.2261822945182525
32,"neg(ts_ema((ts_sum(neg(ts_ema((ts_sum(low,60)add(((ts_ema((lowmulopen),60)mulneg(ts_delta(volume,20)))divts_max(abs(ts_mean(open,30)),10))subneg(ts_ema((ts_sum(low,60)add(ts_max((ts_min(ts_delta(ts_ema(volume,20),30),20)addhigh),60)subts_sum(neg(ts_ema(ts_ema(((closesubopen)add(closesubneg(ts_ema((ts_ema((ts_sum(low,60)add(closesubts_min(ts_ema(open,5),60))),60)add(closesubts_sum(neg(ts_delta(sign(close),20)),60))),60)))),60),60)),60))),60)))),60)),60)add(closesubopen)),60))",-0.008192348841054504,-0.02415572074006441,0.3284641644755306,0.32517110894184875,0.2336245561332506
33,"ts_mean((neg(ts_sum(ts_min(neg(ts_mean((ts_corr(ts_min(ts_sum((ts_corr((closemults_mean(neg(high),20)),ts_std((ts_corr(high,open,20)mul(volumesubvolume)),5),20)sub((ts_max(abs((sign(close)divabs(open))),5)addts_corr(volume,low,10))mulopen)),30),60),(log(abs(ts_corr(abs(ts_delta(close,10)),open,10)))addvolume),60)add(ts_mean((closesub((ts_mean((ts_min(high,10)addvolume),60)addts_corr(volume,low,10))mulopen)),20)addts_mean((closesub((ts_mean(ts_mean(close,60),60)addts_corr(volume,low,10))mulopen)),20))),60)),30),10))add(neg(ts_corr(ts_min((closemulclose),10),ts_ema((opendivvolume),20),10))addts_mean((neg(ts_sum(ts_min(neg(ts_mean((ts_corr(ts_min(ts_sum(close,30),60),(ts_min(high,10)addvolume),60)add(ts_mean(ts_mean((ts_corr(ts_min(ts_sum(ts_delta(ts_corr(ts_mean(ts_min(high,10),20),low,20),60),30),60),(ts_min(high,10)addvolume),60)add(ts_mean(ts_delta(ts_delta(volume,10),60),60)addts_mean((closesub(((neg(ts_sum(ts_min(neg(ts_mean((ts_corr(ts_min(close,60),(ts_min(((log(volume)addclose)addts_max(close,10)),10)addvolume),60)add(ts_mean(ts_mean((ts_corr(ts_min(ts_sum(ts_delta(ts_corr(ts_mean(ts_min(high,10),20),low,20),60),30),60),(ts_min(high,10)addvolume),60)add(ts_std(ts_delta(ts_delta(ts_min(open,30),30),20),5)addts_mean((closesub((ts_mean(open,60)addts_corr(volume,low,10))mulopen)),20))),60),60)addts_mean((closesub((ts_mean(open,60)addts_corr(volume,low,10))mulopen)),20))),60)),30),10))add(ts_mean(open,60)addts_mean(ts_corr((neg(ts_corr(open,high,20))subts_sum(low,60)),ts_corr(log((opensubhigh)),low,5),5),20)))addts_corr(volume,low,10))mulopen)),20))),60),60)addts_mean((closesub((ts_mean(open,60)addts_corr(volume,low,10))mulopen)),20))),60)),30),10))add(ts_mean(open,60)addts_mean((closesub(ts_mean(low,60)mulopen)),20))),60))),60)",-0.008014018751380178,-0.026248431913748295,0.24041303073930198,0.31826975542666847,0.20067834275785892
34,"ts_max(ts_max(ts_max(ts_max(ts_max(ts_max(ts_max(ts_max(ts_max(ts_max(ts_mean(ts_max(ts_max(ts_max(ts_mean(ts_max(ts_max(ts_max(ts_max(neg(ts_max(ts_mean(ts_max(ts_max(ts_max(neg(ts_min(close,20)),20),20),20),30),20)),20),20),20),20),30),20),20),20),30),20),20),20),20),20),20),20),20),20),20)",-0.0075474675930228465,-0.023957863269081673,0.32701447891664515,0.2995269576490802,0.22401530242731954
35,"ts_min(ts_sum(ts_min(ts_min(ts_min(ts_sum((ts_min(ts_sum(low,10),20)add(ts_std(ts_corr(((lowmulopen)sub(volumeaddclose)),ts_mean((opendivvolume),30),60),5)mults_max(open,10))),20),60),60),60),20),60)",-0.008794886327788258,-0.028682358080765653,0.3024574844691683,0.29837168156264715,0.2159117947724185
36,"ts_min(ts_min((volumeaddts_min((highaddts_min(ts_min((ts_min((highadd(volumeaddts_min((ts_min(ts_max((abs(open)subts_corr(neg(volume),log(open),60)),20),60)addneg(ts_corr(ts_max(((opendiv(closedivts_mean(volume,60)))mul(ts_max(ts_mean(low,10),5)mults_corr((lowdivopen),(closesubopen),10))),20),low,20))),60))),60)addneg(ts_corr(sign(high),low,20))),60),60)),60)),60),60)",-0.007656091849924431,-0.026436100661370063,0.2842506569228309,0.25394283038678056,0.1934815494350582
37,"ts_ema(ts_sum((ts_max(abs(ts_std(low,5)),10)addts_sum((ts_max(ts_ema(ts_sum(((ts_sum(((highmulopen)addts_sum((ts_max((volumemulvolume),10)add(highmulopen)),60)),60)mulclose)addts_sum((ts_max((volumemulvolume),10)add(highmulopen)),60)),60),30),10)addts_sum((ts_max((ts_delta(neg(ts_corr((log(high)addts_sum(ts_min((volumesubvolume),30),60)),high,10)),20)mulvolume),10)add(highmulopen)),60)),60)),60),30)",-0.008491670921685344,-0.028828600813064178,0.2282056212180592,0.24969970113206452,0.17286490358275572
38,"ts_mean(ts_sum(neg((neg((ts_ema(low,20)add(ts_sum(ts_sum(neg((ts_min(low,5)add(ts_sum(ts_min(ts_mean(ts_sum((ts_min(high,5)add(ts_sum(ts_min(ts_mean(ts_sum(ts_sum(ts_sum(neg((ts_min(high,5)add(ts_sum(ts_min(ts_mean(ts_sum((ts_min(high,5)add(ts_sum(ts_min(ts_mean(ts_sum(ts_sum(ts_sum(neg((ts_min(high,5)add(ts_sum(ts_min(ts_mean(ts_sum(close,20),30),5),30)subclose))),20),30),20),30),5),30)subclose)),20),30),5),30)subclose))),20),30),20),30),5),30)subclose)),20),30),5),30)subclose))),20),30)subclose)))addhigh)),20),30)",0.008794553981606505,0.0242759366462161,0.26698257253103574,0.21720425552632516,0.1744259634142497
39,"((neg((ts_min(ts_min(ts_mean((ts_ema(abs(close),10)add(openmulhigh)),60),30),60)addhigh))addts_min(close,5))subts_min(ts_ema(close,10),60))",0.008105667294273563,0.0275339912125775,0.20340632468674635,0.2148507451409749,0.15173592321573007
40,"ts_min(ts_delta(ts_corr(ts_sum(sign(ts_min((neg(ts_mean(ts_mean(open,30),30))subhigh),10)),30),close,5),20),10)",-0.0055940895209968654,0.009690010921379626,0.3476687861445864,0.3336496773302511,0.24075407728254958
41,"(ts_min(ts_mean(ts_min(low,60),10),60)subts_ema(ts_delta(ts_corr(ts_mean(close,5),(ts_mean(ts_std(ts_max(log(low),10),10),5)subts_sum(high,20)),60),5),30))",-0.008287993643873849,-0.028280830868794078,0.21961763004003454,0.22728089979969401,0.16189980912080518
42,"((ts_ema(neg(low),30)div(abs((sign(open)sub(((lowdivopen)divlow)subts_corr(log(volume),high,30))))addclose))add((ts_std(ts_max(low,60),10)div(sign(ts_ema(ts_mean(neg(ts_corr(abs(ts_corr(ts_ema(low,10),(highsubopen),30)),close,30)),20),5))addopen))addts_ema(ts_min(ts_ema(open,30),60),5)))",-0.008622803897141158,-0.02866602081241639,0.1682383439518409,0.21421627437259683,0.13945244011998684
43,"ts_sum(ts_max((((neg((ts_std(log((ts_std((ts_min(volume,30)mults_min(volume,60)),20)mullog(((highdiv(abs(sign(ts_sum(ts_max(neg(low),60),5)))addsign(ts_corr(ts_max(volume,10),high,30))))addhigh)))),30)divlog((closesublow))))divts_max(((ts_max(((highdiv((highdivopen)addsign(ts_corr(ts_max(volume,10),high,30))))addhigh),60)divopen)add(ts_min(high,60)div(highdivopen))),60))divopen)addts_sum(ts_max(neg(low),60),5)),60),5)",0.008720644255461438,0.027740274507315296,0.23154518484024122,0.19798953922273577,0.15580629123645845
44,"ts_max(ts_sum((ts_max(neg(((ts_sum(close,20)mults_mean((closemulopen),5))divsign(ts_mean(low,10)))),20)addabs(neg(((ts_sum(close,20)mulclose)divsign(ts_mean(volume,10)))))),20),30)",0.008986118338409678,0.028692886159346908,0.1839965224444542,0.17655461137906503,0.1318447475128952
45,"ts_sum(ts_ema((ts_corr((ts_corr(high,low,60)add((ts_max(ts_sum(ts_ema((ts_corr(close,(closemulhigh),20)subabs(abs(ts_max((ts_max((ts_corr(low,open,60)add((highsublow)sublow)),5)subts_sum(low,60)),5)))),30),60),10)subts_corr(ts_max(high,20),abs(ts_max(low,5)),20))sublow)),(closemulhigh),20)subabs(ts_ema((ts_corr((ts_corr(high,(highsublow),60)add((ts_max(ts_sum(ts_ema((ts_corr(close,(closemulhigh),20)subabs(abs(ts_max((ts_max((ts_corr(low,open,60)add((highsublow)sublow)),5)subts_sum(low,60)),5)))),30),60),10)subts_corr(ts_max(high,20),abs(ts_max(low,5)),20))sublow)),(closemulhigh),20)subabs(ts_max((ts_max(ts_ema((ts_corr((ts_corr(volume,volume,60)add((ts_max(log(volume),10)subts_corr(ts_max(high,20),abs(ts_max(low,5)),20))sublow)),(closemulhigh),20)subabs(ts_max((ts_max(ts_sum(ts_ema((ts_corr(close,(closemulhigh),20)subabs(abs(ts_max((ts_max((ts_corr(low,open,60)add((highsublow)sublow)),5)subts_sum(low,60)),5)))),30),60),10)subts_sum(low,60)),5))),30),5)subts_sum(low,60)),5))),30))),30),60)",0.00881761304122735,0.029103986268236712,0.20943694579697003,0.22103129498571494,0.15635212417035935
46,"ts_min((ts_corr(ts_corr(volume,volume,30),(openmulopen),30)divts_corr((closesublow),ts_ema(low,60),10)),5)",0.01022782187075242,-0.00781036633977719,0.2609554865387502,0.25590743708992525,0.18360775150161585
47,"ts_corr(ts_corr(sign(ts_corr(close,open,60)),ts_corr(ts_corr(sign(ts_corr(close,high,60)),close,10),ts_corr(high,high,5),5),10),ts_corr(high,high,5),5)",-0.012905480534542312,-0.005063058806530569,0.26003828388315875,0.25590743708992525,0.18327628324174033
48,"ts_sum(ts_ema(ts_sum(ts_max((ts_sum(ts_ema(((ts_mean(ts_sum(ts_max((ts_mean(ts_mean(ts_max((ts_mean(ts_mean(low,60),60)addts_mean(ts_max((ts_mean(((ts_corr((volumesubhigh),low,5)subts_max(abs(close),30))div(ts_std(ts_mean(high,10),10)addts_mean((lowdivvolume),30))),60)addhigh),20),60)),20),60),60)addts_corr(ts_delta(((highdivlow)mulclose),5),ts_mean(low,60),20)),20),60),60)addlow)addhigh),30),60)addts_sum(ts_sum(ts_mean(ts_max((ts_mean(ts_mean(low,60),60)addhigh),20),60),10),60)),20),60),30),60)",-0.008884700986093537,-0.025940345316366385,0.3260802227162283,0.31863233082182996,0.23087315068368935
49,"ts_max(ts_max((ts_max(ts_max(((closemults_max((highsub((abs(close)mul(lowmulvolume))mults_std(ts_min(high,30),30))),20))addts_ema((closeaddts_ema(ts_max((ts_max(ts_max((ts_max(ts_max(((closemults_max((log(open)mults_max((closeaddts_max(ts_max(((closemults_max((((ts_corr(volume,open,60)mults_delta(open,30))addts_max(neg(close),5))mul(volumeaddclose)),20))addhigh),20),30)),20)),20))addts_ema((closeaddts_ema(ts_max((ts_max((closeaddts_max(ts_max(((closemults_max((log(open)mulneg(close)),20))addopen),20),30)),20)addhigh),20),10)),5)),20),30)addhigh),20),20)addhigh),20),10)),5)),20),30)addhigh),20),30)",0.0077668218398198804,0.02652987022278338,0.26242405879191777,0.26895250624350253,0.1911263015717876
